<?xml version="1.0" encoding="UTF-8" standalone="yes"?>
<addon id="plugin.megawatts.videos" name="Megawatts TV" version="0.0.1" provider-name="Megawatts Creative">
  <requires>
    <import addon="xbmc.python" version="2.1.0"/>
  </requires>
  <extension point="xbmc.python.pluginsource" library="addon.py">
    <provides>video</provides>
  </extension>
  <extension point="xbmc.addon.metadata">
    <summary lang="en_gb">A custom plugin developed for the lucky few who have purchased a RasperryPi for HTPC Purposes! Developed by Megawatts - none of these sources are hosted by Megawatts.</summary>
    <description lang="en_gb">An Online TV, Movie and IPTV Kodi Plugin</description>
    <disclaimer lang="en_gb">No sources available here are hosted by Megawatts</disclaimer>
    <language>English</language>
    <platform>all</platform>
    <license></license>
    <forum></forum>
    <website></website>
    <email></email>
    <source></source>
  </extension>
</addon>